{"cameraMode":{"drawMode":0,"name":"Shaded","section":"Shading Mode"},"sceneLighting":true,"audioPlay":false,"sceneViewState":{"showFog":true,"showMaterialUpdate":false,"showSkybox":true,"showFlares":true,"showImageEffects":true,"showParticleSystems":true},"in2DMode":false,"pivot":{"x":59.8038330078125,"y":1.4121249914169312,"z":68.81732940673828},"rotation":{"x":-0.1804146021604538,"y":-0.36150500178337099,"z":0.0715172067284584,"w":-0.9119625091552734},"size":12.336153984069825,"orthographic":false}